{
  "cam_235": {
    "x": 760.1428571428573,
    "y": 700.2857142857141
  },
  "cam_106": {
    "x": 766.1111111111113,
    "y": 811.8355543348522
  }
}