{
  "cam_235": {
    "x": 916.1428571428571,
    "y": 166.28571428571425
  },
  "cam_106": {
    "x": 7,
    "y": 130
  }
}