{
  "cam_235": {
    "x": 740.1428571428575,
    "y": 756.6746031746029
  },
  "cam_106": {
    "x": 744.0151515151517,
    "y": 838.5527260520238,
    "scaleX": 1,
    "scaleY": 1,
    "rotation": 0
  }
}